Estimate,Std. Error,z value,Pr(>|z|),Variance Basin
-1.9292837287096134,0.08854589157295951,-21.78851773286323,2.9814577332396244e-105,0.52
