"","Estimate","Std. Error","z value","Pr(>|z|)"
"(Intercept)",-4.29241447598375,0.26908189104275,-15.9520748845257,2.75586564645235e-57
