"","Estimate","Std. Error","z value","Pr(>|z|)"
"(Intercept)",-2.86481225113746,0.0851610548296283,-33.6399338508518,4.37602759377603e-248
"bin_lag",0.0618862766536281,0.026213819715671,2.36082636276893,0.0182342660075758
"position",-0.0346819221389196,0.00572544695815858,-6.05750474895222,1.382492618837e-09
"INC_increase",3.2600834591193,0.688464247444194,4.73529812364521,2.18733333163123e-06
