Estimate,Std. Error,z value,Pr(>|z|),Variance Quarter
-1.7978959057570632,0.05754409636130125,-31.24379422814534,2.710781838332599e-214,0
