"","Estimate","Std. Error","z value","Pr(>|z|)"
"(Intercept)",-3.12761374165887,0.171370596261231,-18.2505856307534,2.04703087058572e-74
"length",0.0632366806796381,0.0116964283764428,5.40649492686159,6.42700468866224e-08
"mean.delta",-0.404039687370152,0.070646978640757,-5.71913612080584,1.07066998622077e-08
"Land_use_impact",0.164989154118356,0.0807664762160358,2.04279252789288,0.0410729805590551
"Mean_Invader_Increase",0.0920003505286672,0.0557239750144187,1.65100121635009,0.0987383265271945
