Estimate,Std. Error,z value,Pr(>|z|),Variance site_ID:Quarter,Variance Quarter
-3.0737821813072435,0.08731259061267588,-35.204340631040644,1.7159975459032002e-271,0,0
0.10886211219873929,0.019867408165090954,5.479432007141275,4.266933773407585e-8,0,0
-0.014235193232488483,0.006402493359205138,-2.2233827407289595,0.026190002499658978,0,0
