Estimate,Std. Error,z value,Pr(>|z|),Variance site_ID:Quarter,Variance Quarter
-2.763774946027991,0.10046974374648573,-27.508529861505327,1.3880685158674892e-166,0,0
0.03704810342887589,0.02659686659840304,1.3929499285867148,0.1636349326344263,0,0
-0.05152348776183249,0.007825797152158972,-6.58380057137288,4.5857213560001214e-11,0,0
