"","Estimate","Std. Error","z value","Pr(>|z|)"
"(Intercept)",-2.98395533158889,0.0759015462828664,-39.3134985744351,0
"bin_lag",0.139968335704638,0.0197259638970035,7.09563986000707,1.28754368896097e-12
"position",-0.0137394946141575,0.00488939724130565,-2.81005897784009,0.00495324222593571
"INC_increase",0.105916980845942,0.898027305947589,0.117944053754779,0.906111986979962
