"","Estimate","Std. Error","z value","Pr(>|z|)"
"(Intercept)",-4.19870244604859,0.0868211638426191,-48.3603566252532,0
"bin_lag",0.106625151711149,0.0279610253145072,3.81334913551356,0.000137096225868251
"position",-0.220557762548403,0.0524866991145465,-4.20216485832076,2.64374481617104e-05
"INC_increase",0.0836899876638309,0.034898896498546,2.3980697403231,0.0164817268781389
