Estimate,Std. Error,z value,Pr(>|z|),Variance Quarter:site_ID,Variance site_ID
-0.7746628557666049,0.14990487360983104,-5.167696267053195,2.3699703980312726e-7,0,0.24
