Estimate,Std. Error,z value,Pr(>|z|),Variance Quarter:site_ID,Variance site_ID
-0.42618879623627204,0.2580435165108511,-1.6516159832225437,0.0986128596552136,0.26,0
-0.059414742175331006,0.02503773856360046,-2.3730075311876364,0.017643904160036455,0.26,0
0.16885461817074296,0.09142593761697418,1.846900590488375,0.06476154915554753,0.26,0
