"","Estimate","Std. Error","z value","Pr(>|z|)"
"(Intercept)",-1.46603116484491,0.0494671332583969,-29.6364690710282,5.06746714482924e-193
